claim_id,verdict_id,rule,status,stage,source,raw_file,raw_line,raw_sha256
V-001-E01,V-001,auth_failure_burst,REJECTED_BENIGN,failure,auth,auth.jsonl,7,9bea90f53d894c8a549fb04dc3cc0723ee50d46d9295eaddbb58ad32983b518a
V-001-E02,V-001,auth_failure_burst,REJECTED_BENIGN,failure,auth,auth.jsonl,8,d606978056aee3ac52966faaa31ea931af444103537fdf565096999f503fc723
V-001-E03,V-001,auth_failure_burst,REJECTED_BENIGN,failure,auth,auth.jsonl,9,c0266a322ce9b202ad9653c9023e3f057bca068fba6051e312e464a79ff25daf
V-001-E04,V-001,auth_failure_burst,REJECTED_BENIGN,failure,auth,auth.jsonl,10,fd5c5637dd5f001d3d5c41e49fddaab3992c2b3da790efefe6a34bcf88c9b41a
V-001-E05,V-001,auth_failure_burst,REJECTED_BENIGN,failure,auth,auth.jsonl,11,a326174cfa63e35cf4801e78b94cee8e230ec8b2cc9796a6c64c218a5e6cf8f6
V-001-E06,V-001,auth_failure_burst,REJECTED_BENIGN,failure,auth,auth.jsonl,12,932bfbdeae70af01c0fe1c2f12c14c25e295860ec670fac9bb550acbb9a87f77
V-001-E07,V-001,auth_failure_burst,REJECTED_BENIGN,failure,auth,auth.jsonl,13,03388671d238051eb1a6711ca38d35991b57c9141f73d3f8ea4fe6da21a8a2be
V-001-E08,V-001,auth_failure_burst,REJECTED_BENIGN,failure,auth,auth.jsonl,14,19fe4c894e849134a97700f55184ec030e5549793bf3700e67c927f8ecf6bc1f
V-001-E09,V-001,auth_failure_burst,REJECTED_BENIGN,failure,auth,auth.jsonl,15,9794fb6a789231fe21e76c7d0dcf6c7bb24f9b5dddeb5716228b3c749d8f661f
V-001-E10,V-001,auth_failure_burst,REJECTED_BENIGN,failure,auth,auth.jsonl,16,7dd25c2e7d4ca9f2f24d0539bf6dfe176fd1d3357d3fde75fc8d72bbbce4c8e9
V-001-E11,V-001,auth_failure_burst,REJECTED_BENIGN,failure,auth,auth.jsonl,18,9af952384be0a92d2908ac1db6914f6eb4ef40bf52021697761d06f9aa60e8fe
V-001-E12,V-001,auth_failure_burst,REJECTED_BENIGN,failure,auth,auth.jsonl,19,06212fe14b92a3c0c63ab40485ef3b4becf5c01e4cca9748ff32d7cc34f70e9c
V-001-E13,V-001,auth_failure_burst,REJECTED_BENIGN,failure,auth,auth.jsonl,20,6778a982d603c7de858787df5768d5ebb35e7368d0d63e4cb606ecb201f3e48f
V-001-E14,V-001,auth_failure_burst,REJECTED_BENIGN,failure,auth,auth.jsonl,21,b5a0e98baed7ad5f5023fc312ea0d70852194b89f035b82894084c1f1887196c
V-001-E15,V-001,auth_failure_burst,REJECTED_BENIGN,failure,auth,auth.jsonl,22,3327701560afe25aa9988d4218915082fe46d6e3165fb953593fb5d9f958b378
V-001-E16,V-001,auth_failure_burst,REJECTED_BENIGN,failure,auth,auth.jsonl,23,7161a660c4d5f34b63fbbf30a455ba973aa5636d293b919f7f7f24623dd950bb
V-001-E17,V-001,auth_failure_burst,REJECTED_BENIGN,failure,auth,auth.jsonl,24,09341112d420a2ac0e84820ffedab3f5f464e84379802f3997a2820584d07a12
V-001-E18,V-001,auth_failure_burst,REJECTED_BENIGN,failure,auth,auth.jsonl,25,97156e6987b0d4b4c7fde3639f8b303746aeb1249ce0a97e86c909c4262c4a64
V-001-E19,V-001,auth_failure_burst,REJECTED_BENIGN,failure,auth,auth.jsonl,26,3f0d4bac6d4ec25c59a5f7988bbdcb8cc656550368c71dcc41aecd2995093b70
V-001-E20,V-001,auth_failure_burst,REJECTED_BENIGN,failure,auth,auth.jsonl,27,6813fa48052304e9645d0c7dc7a8fb4e452747f5a97a6c4afb7a6cb28624d047
V-001-E21,V-001,auth_failure_burst,REJECTED_BENIGN,failure,auth,auth.jsonl,28,3665d213bc781366c84b040bf0d6e6a4ff6809d6ffa3d7a1d2b4d130abd9d0d9
V-001-E22,V-001,auth_failure_burst,REJECTED_BENIGN,failure,auth,auth.jsonl,29,c5c28561dab2d2358fb1c92aaa248bd09b32fa8c805c14aaad38ec8715946639
V-001-E23,V-001,auth_failure_burst,REJECTED_BENIGN,failure,auth,auth.jsonl,30,3174bfb6428af5bb10fc97a2c27941d8ec7113cccd162f9cebbd4507848f30cb
V-001-E24,V-001,auth_failure_burst,REJECTED_BENIGN,failure,auth,auth.jsonl,31,ce4d096af04e720393bac486a6cd9a0d7ccff53f6f5f2328e470f939f360c3e1
V-001-E25,V-001,auth_failure_burst,REJECTED_BENIGN,failure,auth,auth.jsonl,32,3962769b5a890efe13a087b72aae2c7d7148b2561d4bb5f4b8b6553513366471
V-001-E26,V-001,auth_failure_burst,REJECTED_BENIGN,failure,auth,auth.jsonl,33,588db9124218d4136fe4525a348c20cde7e74221a017fd7cafde752ffe195b83
V-001-E27,V-001,auth_failure_burst,REJECTED_BENIGN,failure,auth,auth.jsonl,34,f36891fd4c472740834a0c913a4b6fdb1fbbcea7f6e7f481f662504c43c2d943
V-001-E28,V-001,auth_failure_burst,REJECTED_BENIGN,failure,auth,auth.jsonl,35,341b8bbd5a2033dd37d6a00ae959cc8214cfbfe11d5ad6f118a675c674e8104b
V-001-E29,V-001,auth_failure_burst,REJECTED_BENIGN,failure,auth,auth.jsonl,36,66f433c4de9995be9a93a9fe8d80de3565720ae095fb36d11f6c0a760781b46f
V-001-E30,V-001,auth_failure_burst,REJECTED_BENIGN,failure,auth,auth.jsonl,37,7161388a2173926a8e75941715ec417a976147ea9549f3050bef75919ddab46f
V-001-E31,V-001,auth_failure_burst,REJECTED_BENIGN,failure,auth,auth.jsonl,38,056e8eaef9bade693f3718ecd8cebbb0706b823b6bc6855967bb6a8886907854
V-001-E32,V-001,auth_failure_burst,REJECTED_BENIGN,failure,auth,auth.jsonl,39,4e9ee59d26a5fefb29a940cd5c036d821cad2a7ba61090b4e9493208c35dd60e
V-001-E33,V-001,auth_failure_burst,REJECTED_BENIGN,failure,auth,auth.jsonl,40,bc72abdbb34c32638e51f8d17c1d5819bfba8beb0d21e63c5b67a6fe8fad5929
V-001-E34,V-001,auth_failure_burst,REJECTED_BENIGN,failure,auth,auth.jsonl,41,0237ac1fd98cc75fdc2a7fc7f4e89035464d9a154c7598c1c1f78d318b03c926
V-001-E35,V-001,auth_failure_burst,REJECTED_BENIGN,failure,auth,auth.jsonl,42,16eb9e6bc31eae1289619d7322c8546543aa9923d4b2415c8b7fa293bd2fa646
V-001-E36,V-001,auth_failure_burst,REJECTED_BENIGN,failure,auth,auth.jsonl,43,bd33f6b7237363cabf2abe5cb61def122797ce3fc963959cb396d09ed02d3a6a
V-001-E37,V-001,auth_failure_burst,REJECTED_BENIGN,failure,auth,auth.jsonl,44,69c949c7d03c4d16917dcef6e1326792013b241ef31909257a1d48f6962a0042
V-001-E38,V-001,auth_failure_burst,REJECTED_BENIGN,failure,auth,auth.jsonl,45,98bfe070df1a4f84b6026bc3d7cc3a4782081ed02e8c87904f7ad2a01da8d4e3
V-001-E39,V-001,auth_failure_burst,REJECTED_BENIGN,failure,auth,auth.jsonl,46,ea5b0f690820dcec46d70f31ded829ba24737ce003857045f5b76251a19857e9
V-001-E40,V-001,auth_failure_burst,REJECTED_BENIGN,failure,auth,auth.jsonl,47,c52102d888e7b13f57264712ae9116868b0285d7ba2122b4bca371330522411a
V-002-E01,V-002,staging_without_entry_point,REJECTED_BENIGN,staging,endpoint,endpoint.jsonl,181,2a6fa441ab75fabd58fa07df2992f18548aa6989406c2b306b0aa90d934bdd44
V-002-E02,V-002,staging_without_entry_point,REJECTED_BENIGN,transfer,endpoint,endpoint.jsonl,182,da8097e36a5abee51d83595bf39eb34acbd867d2ffe085120129e6f80649139d
V-002-E03,V-002,staging_without_entry_point,REJECTED_BENIGN,transfer,network,network.jsonl,59,b738c5c0560ca8e3fa7a8acde312be86e507d8feae1e69e597ae52400fa323a4
V-003-E01,V-003,auth_failure_burst,ALERT,corroboration,firewall,firewall.jsonl,104,ac2d701d11bc029beffd9056822c9f7f39b412eae9985ff6355a34e2bc686e82
V-003-E02,V-003,auth_failure_burst,ALERT,failure,auth,auth.jsonl,133,854163fb8b3784f551dae63074b8c8d35d80efff1eba2de13fdb27b8449be6b9
V-003-E03,V-003,auth_failure_burst,ALERT,failure,auth,auth.jsonl,134,f87ba43b00b30a89702cabec19dbb06d3eb98764ba5ec8f9911aef60c332586f
V-003-E04,V-003,auth_failure_burst,ALERT,failure,auth,auth.jsonl,135,b161aa8778b6caa8128f1c0ef4b2b00d221fa40fd8acc4d54716a19514be967e
V-003-E05,V-003,auth_failure_burst,ALERT,failure,auth,auth.jsonl,137,283f30613aee4d7995f437638debdd680f01e5a251ce86a8f93c810c0614a63d
V-003-E06,V-003,auth_failure_burst,ALERT,failure,auth,auth.jsonl,138,6331ca59c7aa2508168c046ef78bf997cae81f974097fa9127c232c4fc3d4684
V-003-E07,V-003,auth_failure_burst,ALERT,failure,auth,auth.jsonl,139,8b3d1cf1065000393be2813418b061fb3468c23be57753ca5d47cff9db23fac4
V-003-E08,V-003,auth_failure_burst,ALERT,failure,auth,auth.jsonl,145,117bd43d7d55338bea6c7490e14d5eed0e621bd305ab52031a3f826a18c3ecdb
V-003-E09,V-003,auth_failure_burst,ALERT,failure,auth,auth.jsonl,147,7b3c623b9251e5d531f671fcf64707030d3328fcb3f8f894a12451ae6b1122ab
V-003-E10,V-003,auth_failure_burst,ALERT,failure,auth,auth.jsonl,148,384cef2f08c1e488e164cbfca81c5ce39844422ad4679485b447c4134363aee3
V-003-E11,V-003,auth_failure_burst,ALERT,failure,auth,auth.jsonl,151,00e8445167bfd97421ac975d3230b15ce62ff91102ca7cf5d79313a65a3ed6fe
V-003-E12,V-003,auth_failure_burst,ALERT,failure,auth,auth.jsonl,152,6fcf888943028dbb0b3d8a8f43fb1498f02d94514bb5f31f5682aecc14e57c91
V-003-E13,V-003,auth_failure_burst,ALERT,failure,auth,auth.jsonl,155,53b4e85891c93c837d75ec7e832b8261c5914aa8c76727bf312dcca0f436fcf5
V-003-E14,V-003,auth_failure_burst,ALERT,failure,auth,auth.jsonl,157,570de9ab52fb59e93c511c4b9106c6804ac8d5c15eadce7d69b01250f2548a10
V-003-E15,V-003,auth_failure_burst,ALERT,failure,auth,auth.jsonl,159,38746887d74fd29e2239c53f646d649a76fa5387fd5d2874df90733f3ef2ab93
V-003-E16,V-003,auth_failure_burst,ALERT,corroboration,firewall,firewall.jsonl,132,a1bdc70dc81e4dcd16b7bbe61897117810513decbff51c5a643e91f07211aecc
V-003-E17,V-003,auth_failure_burst,ALERT,success,auth,auth.jsonl,168,5ab78fe35396cd3f28fec42951d9248d75f79d4fe513a079fee526aab918d5a0
V-004-E01,V-004,staging_exfil_chain,ALERT,initial_access,endpoint,endpoint.jsonl,577,2c20938823fafc496d9118bb0907f56d3e7737d124bcd0e9565d0c78ab64050c
V-004-E02,V-004,staging_exfil_chain,ALERT,corroboration,script,script.jsonl,69,ac2eed915e7cf17e19ea2674e29ceaf983760031271fe5ab74dbecd652528589
V-004-E03,V-004,staging_exfil_chain,ALERT,persistence,endpoint,endpoint.jsonl,578,4aa96c5a6b45486bf5775c1ec3e74d0b89475a786040315d210c334071d98b9c
V-004-E04,V-004,staging_exfil_chain,ALERT,corroboration,script,script.jsonl,70,e611ed2f22f14e04a2d4d885f2c8586ade74aa53d097596b8506604bcf0e1720
V-004-E05,V-004,staging_exfil_chain,ALERT,staging,endpoint,endpoint.jsonl,579,3501ded872a028fb535438d0f9dbe466a594c53fc0e2a8c71b2e04694bd4ff86
V-004-E06,V-004,staging_exfil_chain,ALERT,egress,endpoint,endpoint.jsonl,580,a86e9e40b45a99e45ad8da4ce5ba60397f90888ba39343346a3ecd5946f1f4f2
V-004-E07,V-004,staging_exfil_chain,ALERT,egress,firewall,firewall.jsonl,124,25c8ab24779c5b21c4ace1c91d2829bb5bb8a2e4746612de4c0129246bc28e8a
V-004-E08,V-004,staging_exfil_chain,ALERT,egress,network,network.jsonl,180,182e51cd024757c9ceabb304f77091693756230107c1f735480b7a4b40f1acf3
V-004-E09,V-004,staging_exfil_chain,ALERT,cleanup,endpoint,endpoint.jsonl,581,23298d22884b3b03df02134486a131521821f6341b4604995a9167e864026fc2
